postcode,network
TW14 9BG,SEPD
TW14 9BQ,SEPD
TW14 9DE,SEPD
TW14 9DF,SEPD
KW17 2BE,SHEPD
KW17 2BG,SHEPD
OX14 4FE,SEPD
OX14 4HY,SEPD
OX14 4HZ,SEPD
OX14 4FF,SEPD
OX14 4HF,SEPD
OX14 4JA,SEPD
OX14 4JB,SEPD
OX14 4JH,SEPD
OX14 4JJ,SEPD
OX14 4JL,SEPD
OX14 4LE,SEPD
OX14 4SX,SEPD
SP3 4TS,SEPD
W5 1BU,SEPD
W5 1BZ,SEPD
W5 1RH,SEPD
W5 1RL,SEPD
W5 1RR,SEPD
W5 1RU,SEPD
SO31 6WW,SEPD
SO31 6WX,SEPD
SO31 6XY,SEPD
DD7 7JE,SHEPD
DD7 7QJ,SHEPD
DD7 7RS,SHEPD
DD7 7RY,SHEPD
DD7 7RZ,SHEPD
SP3 4TZ,SEPD
PA75 6QL,SHEPD
PA75 6QR,SHEPD
SO31 6TG,SEPD
SO31 6TH,SEPD
SP3 4TN,SEPD
SP3 4TP,SEPD
SP3 4UA,SEPD
SP3 5PD,SEPD
SP4 9RH,SEPD
BA10 0DZ,SEPD
BA10 0HL,SEPD
BA10 0HT,SEPD
BA10 0HU,SEPD
BA10 0LD,SEPD
SP3 4TR,SEPD
SO18 2HH,SEPD
DT3 5RA,SEPD
DT3 5RP,SEPD
DT3 5RR,SEPD
DT3 5RZ,SEPD
DT3 5SA,SEPD
DT3 5SB,SEPD
BA12 7BE,SEPD
GU10 4NX,SEPD
GU10 4ST,SEPD
GU10 4SU,SEPD
GU10 4SX,SEPD
GU10 4SY,SEPD
GU10 4SZ,SEPD
SP3 4LL,SEPD
SP3 4LN,SEPD
SP3 4LW,SEPD
AB51 8XA,SHEPD
AB53 8QX,SHEPD
SO18 2HJ,SEPD
SO18 2HN,SEPD
SO18 2HQ,SEPD
SO18 2QJ,SEPD
OX14 3YS,SEPD
SP3 4LP,SEPD
SN4 8EX,SEPD
SN4 8HH,SEPD
SN4 8HJ,SEPD
SN4 8HL,SEPD
SN14 8RX,SEPD
SN14 8RY,SEPD
SN14 8RZ,SEPD
PO37 7HR,SEPD
PO37 7JU,SEPD
PO37 7JX,SEPD
PO37 7JY,SEPD
PO37 7LA,SEPD
PO37 7LN,SEPD
PO37 7NE,SEPD
PO37 7NF,SEPD
SO21 1AQ,SEPD
SO21 2QG,SEPD
SP5 1AX,SEPD
SP5 3RL,SEPD
SP5 3RN,SEPD
SP5 3RQ,SEPD
SP5 3RW,SEPD
PO7 6PA,SEPD
PO7 6PE,SEPD
PO7 6PL,SEPD
PO7 6QE,SEPD
RG41 2WY,SEPD
SN8 3DW,SEPD
GU47 0YP,SEPD
GU47 0YW,SEPD
GU47 0YY,SEPD
GU47 0YZ,SEPD
BA11 2PB,SEPD
BA11 2PH,SEPD
BA21 5AL,SEPD
BA21 5FT,SEPD
BA21 5LF,SEPD
BA21 5LG,SEPD
BA21 5LH,SEPD
BA21 5LQ,SEPD
HP11 1AA,SEPD
HP11 1BA,SEPD
HP11 1JX,SEPD
HP11 1LT,SEPD
HP11 1NA,SEPD
HP11 2AG,SEPD
BH21 4AU,SEPD
BH21 4BA,SEPD
BH21 4BE,SEPD
BH21 4BJ,SEPD
BH21 4BP,SEPD
BH21 4BS,SEPD
BH21 4BU,SEPD
BH21 4BW,SEPD
BA12 9PA,SEPD
DT4 9TT,SEPD
DT4 9TU,SEPD
DT4 9XD,SEPD
GU27 1LE,SEPD
GU27 1LF,SEPD
GU27 1NH,SEPD
GU27 1NW,SEPD
SO32 2JF,SEPD
HP13 6DD,SEPD
HP13 6DQ,SEPD
HP13 6XY,SEPD
HP13 6XZ,SEPD
FK17 8AJ,SHEPD
FK17 8AS,SHEPD
FK17 8HA,SHEPD
FK17 8HD,SHEPD
IV6 7UL,SHEPD
BH1 1QA,SEPD
BH1 1QG,SEPD
BH1 1QJ,SEPD
BH1 1QL,SEPD
BH1 1QQ,SEPD
TW13 6QS,SEPD
TW13 6YA,SEPD
TW13 6YB,SEPD
TW13 6YG,SEPD
TW13 6YQ,SEPD
SL6 2ND,SEPD
SL6 2NF,SEPD
SL6 2NH,SEPD
SL6 2NJ,SEPD
SL6 2NQ,SEPD
FK19 8NX,SHEPD
BA11,SEPD
BA11 2NF,SEPD
BA11 2PE,SEPD
BA11 2PG,SEPD
BA11 2PQ,SEPD
BA11 2PW,SEPD
BH14 0NF,SEPD
BH14 0NT,SEPD
BH14 0NX,SEPD
DT3 4EB,SEPD
DT3 4EE,SEPD
HP11 1AR,SEPD
HP11 1AT,SEPD
HP11 1AU,SEPD
HP11 1HD,SEPD
HP11 1HE,SEPD
HP11 1HR,SEPD
BH15 4PA,SEPD
BH15 4PB,SEPD
BH15 4PH,SEPD
BH15 4PJ,SEPD
BH15 4PN,SEPD
SP3 4LF,SEPD
SP3 4LG,SEPD
SP3 4LQ,SEPD
SP3 4QE,SEPD
SP3 4TH,SEPD
SP3 4TJ,SEPD
SP3 4TL,SEPD
SP3 4TX,SEPD
SP3 4TY,SEPD
SP3 5ND,SEPD
SN8 3DN,SEPD
SP3 4ET,SEPD
SN14 7AA,SEPD
SN14 7AD,SEPD
OX7 3DS,SEPD
OX7 3LP,SEPD
OX7 3QG,SEPD
OX7 3QH,SEPD
OX7 3QJ,SEPD
OX7 3QL,SEPD
OX7 3QN,SEPD
OX7 3QQ,SEPD
OX7 3QZ,SEPD
OX7 3RD,SEPD
OX7 3RE,SEPD
OX7 3RF,SEPD
SP8 4JL,SEPD
SP8 4LT,SEPD
SP8 4PZ,SEPD
RG17 0NT,SEPD
PH2 7HJ,SHEPD
PH2 7HP,SHEPD
PH2 7HR,SHEPD
PH2 7TL,SHEPD
IV27 4RP,SHEPD
PH2 8PX,SHEPD
PH2 8QA,SHEPD
BH20 6AQ,SEPD
AB51 8QS,SHEPD
AB51 8QT,SHEPD
AB51 8QU,SHEPD
AB51 8UY,SHEPD
AB51 8XB,SHEPD
AB51 8XD,SHEPD
AB51 8XE,SHEPD
PH16,SHEPD
PH16 5NP,SHEPD
SO19 2QF,SEPD
SO19 7PS,SEPD
SO19 8NT,SEPD
SO19 8NX,SEPD
SO19 8NY,SEPD
SO19 8PA,SEPD
SO19 8PB,SEPD
SO19 8PF,SEPD
IV22,SHEPD
IV22 2ES,SHEPD
IV54 8YU,SHEPD
PO9 2UJ,SEPD
PO9 2UQ,SEPD
TW14 0DT,SEPD
TW14 0DU,SEPD
TW14 0DX,SEPD
PO21 3SU,SEPD
BA10 0JL,SEPD
BA10 0JT,SEPD
PA33 1AH,SHEPD
PA33 1AQ,SHEPD
SN14 7AE,SEPD
SN14 7JE,SEPD
SP3 4UL,SEPD
SP3 4UN,SEPD
SP8 4PX,SEPD
GU27 1LA,SEPD
PO17 5BN,SEPD
PO15 7LS,SEPD
PO16 7UY,SEPD
PO16 7UZ,SEPD
PO16 7XA,SEPD
PO17,SEPD
PO17 5AA,SEPD
PO17 5AB,SEPD
PO17 5AD,SEPD
PO17 5AE,SEPD
PO17 5AF,SEPD
PO17 5AH,SEPD
PO17 5AJ,SEPD
PO17 5AL,SEPD
PO17 5AN,SEPD
PO17 5AW,SEPD
PO17 5AZ,SEPD
PO17 5BD,SEPD
PO17 5BP,SEPD
PO17 5BQ,SEPD
PO17 5BS,SEPD
PO17 5BT,SEPD
PO17 5BU,SEPD
PO17 5BW,SEPD
PO17 5BX,SEPD
PO17 5BY,SEPD
PO17 5BZ,SEPD
PO17 5DB,SEPD
PO17 5DD,SEPD
PO17 5DE,SEPD
PO17 5DF,SEPD
PO17 5DH,SEPD
PO17 5DJ,SEPD
PO17 5DL,SEPD
PO17 5DN,SEPD
PO17 5DP,SEPD
PO17 5DW,SEPD
PO17 5EA,SEPD
PO17 5EB,SEPD
PO17 5ED,SEPD
PO17 5EE,SEPD
PO17 5EL,SEPD
PO17 5EN,SEPD
PO17 5ER,SEPD
PO17 5ES,SEPD
PO17 5ET,SEPD
PO17 5EU,SEPD
PO17 5EX,SEPD
PO17 5EY,SEPD
PO17 5EZ,SEPD
PO17 5FF,SEPD
PO17 5FL,SEPD
PO17 5FN,SEPD
PO17 5GS,SEPD
PO17 5GT,SEPD
PO17 5GU,SEPD
PO17 5GW,SEPD
PO17 5GX,SEPD
PO17 5HA,SEPD
PO17 5HB,SEPD
PO17 5HD,SEPD
PO17 5HF,SEPD
PO17 5HG,SEPD
PO17 5HH,SEPD
PO17 5HJ,SEPD
PO17 5HL,SEPD
PO17 5HN,SEPD
PO17 5HP,SEPD
PO17 5HQ,SEPD
PO17 5HR,SEPD
PO17 5HS,SEPD
PO17 5HT,SEPD
PO17 5HU,SEPD
PO17 5HW,SEPD
PO17 5HX,SEPD
PO17 5HY,SEPD
PO17 5HZ,SEPD
PO17 5JA,SEPD
PO17 5JB,SEPD
PO17 5JE,SEPD
PO17 5JF,SEPD
PO17 5JG,SEPD
PO17 5JH,SEPD
PO17 5JJ,SEPD
PO17 5JL,SEPD
PO17 5JN,SEPD
PO17 5JQ,SEPD
PO17 5JR,SEPD
PO17 5JS,SEPD
PO17 5JT,SEPD
PO17 5JU,SEPD
PO17 5JW,SEPD
PO17 5JY,SEPD
PO17 5JZ,SEPD
PO17 5LA,SEPD
PO17 5LB,SEPD
PO17 5LD,SEPD
PO17 5LG,SEPD
PO17 5LH,SEPD
PO17 5LL,SEPD
PO17 5LN,SEPD
PO17 5NE,SEPD
PO17 5NF,SEPD
PO17 5NH,SEPD
PO17 5NJ,SEPD
PO17 5NL,SEPD
PO17 5NN,SEPD
PO17 5NP,SEPD
PO17 5NQ,SEPD
PO17 5NW,SEPD
PO17 5NZ,SEPD
PO17 5PA,SEPD
PO17 5PB,SEPD
PO17 5PD,SEPD
PO17 5PF,SEPD
PO17 5PJ,SEPD
PO17 5PL,SEPD
PO17 5PT,SEPD
PO17 5PX,SEPD
PO17 5QH,SEPD
PO17 6BQ,SEPD
PO17 6FE,SEPD
PO17 6FF,SEPD
PO17 6HL,SEPD
PO17 6HP,SEPD
PO17 6HR,SEPD
PO17 6HS,SEPD
PO17 6HT,SEPD
PO17 6HU,SEPD
PO17 6HX,SEPD
PO17 6HY,SEPD
PO17 6HZ,SEPD
PO17 6JA,SEPD
PO17 6JB,SEPD
PO17 6JD,SEPD
PO17 6JE,SEPD
PO17 6JF,SEPD
PO17 6JG,SEPD
PO17 6JH,SEPD
PO17 6JJ,SEPD
PO17 6JQ,SEPD
PO17 6JR,SEPD
PO17 6JT,SEPD
PO17 6JU,SEPD
SO32 2JW,SEPD
RG8 0NG,SEPD
RG8 0NH,SEPD
RG8 0NJ,SEPD
RG8 0NN,SEPD
RG8 0NP,SEPD
RG8 0NR,SEPD
RG8 0NS,SEPD
IV27 4RS,SHEPD
IV27 4RT,SHEPD
IV27 4RU,SHEPD
IV27 4YR,SHEPD
IV30 8TS,SHEPD
IV30 8TW,SHEPD
KA27 8HP,SHEPD
KA27 8HR,SHEPD
KA27 8HS,SHEPD
SN10 4HE,SEPD
SN10 4JJ,SEPD
SN10 4JS,SEPD
SN10 4JU,SEPD
SN10 4JX,SEPD
SN10 4JY,SEPD
SN10 4JZ,SEPD
GU8 4QB,SEPD
GU8 4QD,SEPD
GU8 4QF,SEPD
GU8 4RJ,SEPD
GU8 4RN,SEPD
GU8 4RP,SEPD
GU8 4RR,SEPD
GU8 4RS,SEPD
GU8 4RT,SEPD
GU8 4RU,SEPD
GU8 4RW,SEPD
GU8 4RX,SEPD
GU8 4UH,SEPD
GU8 4UQ,SEPD
PO39 0AA,SEPD
PO39 0AH,SEPD
PO39 0DH,SEPD
PO39 0DJ,SEPD
PO40 9AG,SEPD
PO40 9AQ,SEPD
PO40 9EA,SEPD
PO40 9EE,SEPD
PO40 9FD,SEPD
PO40 9LN,SEPD
PO40 9LS,SEPD
PO40 9LT,SEPD
PO40 9LU,SEPD
PO40 9LX,SEPD
PO40 9NG,SEPD
PO40 9UR,SEPD
PO40 9UT,SEPD
PO40 9UU,SEPD
SN14 7JD,SEPD
AB53 8QD,SHEPD
SN3 1EQ,SEPD
SN3 1DW,SEPD
SN3 1EL,SEPD
SN3 1EP,SEPD
SN3 1ER,SEPD
SN3 1EW,SEPD
RG12 8TN,SEPD
RG12 8TR,SEPD
RG12 8TS,SEPD
AB56 5JB,SHEPD
AB56 5JD,SHEPD
AB56 5JE,SHEPD
AB56 5JH,SHEPD
AB56 5JJ,SHEPD
AB56 5YE,SHEPD
AB56 5YN,SHEPD
AB56 5YX,SHEPD
GU26 6DR,SEPD
PA33 1AL,SHEPD
PA33 1AW,SHEPD
RG40 4LZ,SEPD
RG40 4NA,SEPD
RG40 4NB,SEPD
RG40 4ND,SEPD
RG40 4QA,SEPD
RG40 4QD,SEPD
SP3 4TU,SEPD
SP5 1EN,SEPD
OX28 6DG,SEPD
OX28 6DQ,SEPD
OX28 6DU,SEPD
OX28 6LA,SEPD
OX28 6LB,SEPD
OX28 6LD,SEPD
AB56 5HD,SHEPD
AB56 5HN,SHEPD
BH12 3JE,SEPD
BH12 3JG,SEPD
BH12 3LW,SEPD
GL7,SEPD
GL7 4DT,SEPD
GL7 4DY,SEPD
GL7 4DZ,SEPD
GL7 4EA,SEPD
GL7 4EB,SEPD
GL7 4ED,SEPD
GL7 4HF,SEPD
GL7 4HG,SEPD
HS2 0AG,SHEPD
HS2 0AH,SHEPD
HS2 0AQ,SHEPD
RG26 5GD,SEPD
RG26 5GT,SEPD
RG26 5PP,SEPD
RG26 5PR,SEPD
RG26 5PS,SEPD
RG26 5PT,SEPD
RG26 5PX,SEPD
RG26 5PZ,SEPD
RG26 5QA,SEPD
RG26 5QB,SEPD
RG26 5RA,SEPD
RG26 5RB,SEPD
RG26 5RD,SEPD
RG26 5RE,SEPD
RG26 5RF,SEPD
RG26 5SE,SEPD
RG26 5SF,SEPD
RG26 5SH,SEPD
RG26 5SJ,SEPD
RG26 5SL,SEPD
RG26 5ZG,SEPD
RG28 7RB,SEPD
RG28 7RD,SEPD
RG28 7RF,SEPD
RG28 7RJ,SEPD
SN4 9PA,SEPD
SO41 0HP,SEPD
SP3 4EN,SEPD
SP3 4EP,SEPD
SP3 4EQ,SEPD
SP3 4ER,SEPD
SP3 4ES,SEPD
SP3 4EU,SEPD
SP3 4HF,SEPD
SP3 4HG,SEPD
IV7 8ED,SHEPD
IV7 8EE,SHEPD
BA14 0RQ,SEPD
TW16 5ES,SEPD
TW16 5HR,SEPD
UB3 1LX,SEPD
UB3 1NE,SEPD
SP5 3RP,SEPD
SP5 3RR,SEPD
IV6 7RG,SHEPD
IV6 7RQ,SHEPD
IV6 7XP,SHEPD
IV7 8AL,SHEPD
IV7 8AN,SHEPD
RG20 9QE,SEPD
RG20 9NS,SEPD
RG20 9QF,SEPD
RG20 9QG,SEPD
RG20 9QH,SEPD
SO16 9GJ,SEPD
SP6 3BY,SEPD
SP6 3DA,SEPD
SP6 3DB,SEPD
SP11 6LU,SEPD
SP11 6LY,SEPD
SP11 6QN,SEPD
SP11 6ZF,SEPD
FK14 7JX,SHEPD
KW14 8SP,SHEPD
KW14 8SR,SHEPD
KW14 8SS,SHEPD
KW14 8ST,SHEPD
KW14 8SW,SHEPD
KW14 8YT,SHEPD
AB15 9QH,SHEPD
AB15 9QJ,SHEPD
AB15 9QX,SHEPD
AB15 9RH,SHEPD
AB21 0UT,SHEPD
AB21 7NX,SHEPD
AB21 7NY,SHEPD
AB21 7XB,SHEPD
BH23 6AP,SEPD
BH23 6AW,SEPD
BH23 6BN,SEPD
BH23 6LP,SEPD
BH24 2DG,SEPD
FK17 8AL,SHEPD
FK17 8AU,SHEPD
FK17 8AW,SHEPD
GL7 1EP,SEPD
GL7 1ER,SEPD
GU10 2LP,SEPD
GU10 2LR,SEPD
GU35 0NE,SEPD
GU8 6QR,SEPD
IV40 8JH,SHEPD
IV40 8JJ,SHEPD
IV40 8JL,SHEPD
KW3 6AT,SHEPD
KW3 6BA,SHEPD
KW3 6BT,SHEPD
KW3 6BY,SHEPD
KW3 6DA,SHEPD
OX29 7QW,SEPD
PA29 6XF,SHEPD
PA29 6YF,SHEPD
PH15,SHEPD
PH15 2FD,SHEPD
PH15 2FE,SHEPD
PH15 2LP,SHEPD
PH15 2LW,SHEPD
PH15 2NX,SHEPD
PH15 2NY,SHEPD
PH15 2PF,SHEPD
PH15 2PG,SHEPD
PH15 2PQ,SHEPD
PH15 2QW,SHEPD
PH26 3NH,SHEPD
RG20 6RA,SEPD
RG20 6RD,SEPD
RG20 6RE,SEPD
RG20 6RG,SEPD
RG20 6RQ,SEPD
SP8 4LP,SEPD
SP8 5JG,SEPD
SP8 5JQ,SEPD
SP8 5NG,SEPD
AB43 8QQ,SHEPD
AB43 8YP,SHEPD
BH8 0DJ,SEPD
BH8 0EE,SEPD
IV27 4RE,SHEPD
IV27 4RR,SHEPD
AB43 8QZ,SHEPD
BA22 8HQ,SEPD
BH7 7EE,SEPD
BH8 0DU,SEPD
BH8 0ED,SEPD
IV27,SHEPD
IV27 4RD,SHEPD
IV27 4RQ,SHEPD
IV27 4RW,SHEPD
IV27 4RY,SHEPD
IV27 4RZ,SHEPD
IV27 4SA,SHEPD
IV6 7TE,SHEPD
IV6 7XA,SHEPD
IV6 7XB,SHEPD
IV6 7XN,SHEPD
IV6 7XW,SHEPD
KW17 2AB,SHEPD
OX11 9EU,SEPD
OX11 9EY,SEPD
OX11 9FL,SEPD
OX11 9NJ,SEPD
OX11 9NN,SEPD
OX11 9NW,SEPD
OX11 9PJ,SEPD
OX11 9PL,SEPD
OX11 9PR,SEPD
OX11 9PS,SEPD
OX11 9QJ,SEPD
OX11 9QL,SEPD
OX11 9QN,SEPD
PA47 7SY,SHEPD
PH16 5LJ,SHEPD
PH16 5LN,SHEPD
PH16 5LT,SHEPD
PH16 5LW,SHEPD
SL6 2NA,SEPD
SL6 2NB,SEPD
SL6 2NL,SEPD
SL6 2US,SEPD
SL9 8TD,SEPD
SO41 8LS,SEPD
SO51 0GQ,SEPD
RG17 0NS,SEPD
PO31 8DT,SEPD
PO31 8DW,SEPD
PO31 8DX,SEPD
PO31 8DY,SEPD
IV42 8PY,SHEPD
BH23 7LD,SEPD
OX7 5SX,SEPD
OX7 5SY,SEPD
OX7 5SZ,SEPD
OX7 5TB,SEPD
PH10 6AB,SHEPD
PH10 6ET,SHEPD
SN16 0PY,SEPD
SO16 7HE,SEPD
SO16 7HF,SEPD
SO16 7HH,SEPD
SO16 7JD,SEPD
DD3 6PG,SHEPD
OX18 4TR,SEPD
OX18 4TS,SEPD
OX18 4TT,SEPD
OX18 4TU,SEPD
BH23 2GB,SEPD
BH23 2LX,SEPD
BH23 2LZ,SEPD
BH23 2NA,SEPD
BH23 2NP,SEPD
BH23 2NR,SEPD
BH23 2PT,SEPD
BH19 1LF,SEPD
BH19 1LG,SEPD
BH19 1LL,SEPD
BH19 1LN,SEPD
BH19 1LQ,SEPD
BH19 1LZ,SEPD
BH19 1NA,SEPD
BH19 1NB,SEPD
BH19 1ND,SEPD
BH19 1NE,SEPD
BH19 1NF,SEPD
BH19 1NG,SEPD
BH19 1RA,SEPD
RG22 4DY,SEPD
RG22 4DZ,SEPD
RG22 4EA,SEPD
RG22 4EJ,SEPD
RG22 4EL,SEPD
RG22 4ER,SEPD
RG22 4HP,SEPD
GU14 7PX,SEPD
GU14 8NP,SEPD
GU14 8NR,SEPD
GU14 8NS,SEPD
AB51 0XX,SHEPD
AB51 4FS,SHEPD
AB51 5PP,SHEPD
GU34 5AZ,SEPD
GU34 5EL,SEPD
GU34 5EN,SEPD
GU34 5GR,SEPD
GU34 5HN,SEPD
GU34 5PQ,SEPD
GU34 5PZ,SEPD
RG9 5NU,SEPD
RG9 5NX,SEPD
RG9 5NY,SEPD
RG9 5PA,SEPD
RG9 5PD,SEPD
RG9 5PL,SEPD
RG9 5PN,SEPD
RG9 5PP,SEPD
RG9 5PR,SEPD
RG9 5PS,SEPD
RG9 5QB,SEPD
SN4 9NR,SEPD
SN4 9PU,SEPD
SN4 9PX,SEPD
SN4 9PY,SEPD
SN4 9PZ,SEPD
SN4 9QA,SEPD
SN4 9QF,SEPD
SN6 8HU,SEPD
SN6 8HX,SEPD
SN6 8HY,SEPD
SN6 8HZ,SEPD
SN6 8JE,SEPD
SO32 1HG,SEPD
SO32 1HH,SEPD
SO50 7HF,SEPD
BH23 7BG,SEPD
BH23 7BL,SEPD
BH23 7BQ,SEPD
BN18 0JX,SEPD
OX11 9DD,SEPD
OX11 9EG,SEPD
OX11 9EH,SEPD
OX11 9EJ,SEPD
OX11 9EL,SEPD
OX11 9EN,SEPD
OX11 9EQ,SEPD
OX11 9HQ,SEPD
PO22 8NN,SEPD
FK19,SHEPD
FK19 8NR,SHEPD
FK19 8NS,SHEPD
FK19 8NT,SHEPD
FK19 8NY,SHEPD
FK19 8NZ,SHEPD
FK19 8PA,SHEPD
FK19 8PB,SHEPD
FK19 8PD,SHEPD
FK19 8PE,SHEPD
FK19 8PF,SHEPD
FK19 8PH,SHEPD
FK19 8PQ,SHEPD
FK19 8PW,SHEPD
FK19 8PX,SHEPD
FK19 8QD,SHEPD
FK19 8QE,SHEPD
FK19 8QF,SHEPD
GL7 7BG,SEPD
GL7 7BH,SEPD
GL7 7BL,SEPD
GL7 7BN,SEPD
GL7 7BP,SEPD
GL7 7BQ,SEPD
GL7 7BS,SEPD
GL7 7BT,SEPD
GL7 7BW,SEPD
GL7 7DT,SEPD
GL7 7DY,SEPD
GL7 7FA,SEPD
IV30 8TU,SHEPD
IV30 8UW,SHEPD
IV30 8XE,SHEPD
KA27 8LG,SHEPD
KA27 8LH,SHEPD
KA27 8LQ,SHEPD
KW17 2EP,SHEPD
KW17 2ER,SHEPD
KW17 2ES,SHEPD
OX29 8ER,SEPD
OX29 8ES,SEPD
OX29 8FA,SEPD
OX29 8NX,SEPD
OX29 8NZ,SEPD
OX29 8PB,SEPD
OX29 8PD,SEPD
OX29 8PE,SEPD
OX29 8PF,SEPD
OX29 8PG,SEPD
OX29 8PJ,SEPD
PH16 5EN,SHEPD
PH16 5HF,SHEPD
PH16 5QY,SHEPD
PH16 5QZ,SHEPD
SO32 2DH,SEPD
SO32 2HR,SEPD
SO32 2HS,SEPD
SO32 2HT,SEPD
SO32 2HY,SEPD
SO32 2JA,SEPD
SO32 2JB,SEPD
SO32 2JH,SEPD
SO32 2JJ,SEPD
SO32 2JU,SEPD
SO32 2JY,SEPD
SO32 2LY,SEPD
SO32 2TA,SEPD
SO45 1BB,SEPD
SO45 1BT,SEPD
SO45 1BU,SEPD
SO45 1BW,SEPD
SO50 4PE,SEPD
SO50 4RR,SEPD
SP7 9DJ,SEPD
SP7 9DQ,SEPD
DT4 0QB,SEPD
DT4 0QD,SEPD
DT4 0QE,SEPD
DT4 0QF,SEPD
DT4 0QJ,SEPD
DT4 0SN,SEPD
DT4 0ST,SEPD
DT4 0SY,SEPD
DT4 0SZ,SEPD
DT4 0TL,SEPD
DT4 0TN,SEPD
DT4 8QE,SEPD
DT4 9XH,SEPD
DD5 3LE,SHEPD
DD5 3LF,SHEPD
DD5 3LG,SHEPD
DD5 3LU,SHEPD
DD5 3LW,SHEPD
RG12 7ZY,SEPD
RG12 7ZZ,SEPD
AB30 1HQ,SHEPD
DD10 0DJ,SHEPD
DD10 0DT,SHEPD
SN14 7JB,SEPD
SN14 7PQ,SEPD
TW14 9BA,SEPD
TW14 9BF,SEPD
TW14 9BH,SEPD
TW14 9BJ,SEPD
TW14 9BP,SEPD
OX29 7QE,SEPD
GU20 6PP,SEPD
PO21 3DQ,SEPD
PO21 3SG,SEPD
PO21 3SQ,SEPD
PO21 3ST,SEPD
PA32 8YB,SHEPD
PA32 8YD,SHEPD
PA32 8YE,SHEPD
PA32 8YF,SHEPD
PA32 8YN,SHEPD
PA32 8YR,SHEPD
KW17 2AA,SHEPD
SN5 0AD,SEPD
SO20 6DH,SEPD
SO20 6DQ,SEPD
SO20 6JY,SEPD
SO20 6NH,SEPD
SO20 6NJ,SEPD
SO20 6NL,SEPD
SO20 6NN,SEPD
SO20 6NP,SEPD
SO20 6NU,SEPD
SO20 6NW,SEPD
SO20 6QH,SEPD
SO20 6QJ,SEPD
SO20 6QL,SEPD
SO20 6QN,SEPD
SO20 6QW,SEPD
SO20 6RN,SEPD
SO23 8UT,SEPD
GL54 3AP,SEPD
GL54 3JL,SEPD
GL54 3LE,SEPD
GL54 3LG,SEPD
GL54 3LQ,SEPD
GL54 3PZ,SEPD
GL54 3QA,SEPD
GL54 3QD,SEPD
GL54 4NP,SEPD
SO20 6FA,SEPD
SO20 6NG,SEPD
SO20 6NY,SEPD
SO20 6NZ,SEPD
SO20 6PA,SEPD
SO20 6PE,SEPD
SO20 6PF,SEPD
SO20 6PG,SEPD
SO20 6PZ,SEPD
SO20 6QA,SEPD
SO20 6QB,SEPD
SO20 6QS,SEPD
SO20 6QT,SEPD
SO20 6QU,SEPD
SO20 6QX,SEPD
SO20 6QY,SEPD
SO20 6QZ,SEPD
SO20 6RA,SEPD
SO20 6RB,SEPD
SO20 6RD,SEPD
SO20 6RE,SEPD
SO20 6RF,SEPD
SO20 6RG,SEPD
SO20 6RH,SEPD
SO20 6RJ,SEPD
SO20 6RL,SEPD
SO20 6RQ,SEPD
BH21 2SA,SEPD
BH21 7AT,SEPD
BH21 7AX,SEPD
BH21 7BL,SEPD
BH23 7AT,SEPD
GU30 7RF,SEPD
BA10 0JF,SEPD
BH23 7AS,SEPD
GU30 7SL,SEPD
GU34 5QR,SEPD
GU34 5QW,SEPD
GU34 5SG,SEPD
PH2 9BT,SHEPD
PH2 9BU,SHEPD
RG7 5PG,SEPD
RG7 5PH,SEPD
RG7 5PN,SEPD
TW19 5NU,SEPD
TW19 5NW,SEPD
BA10 0JH,SEPD
GU10 3RW,SEPD
GU16 7ER,SEPD
GU34 4DT,SEPD
GU34 4DU,SEPD
GU34 4DX,SEPD
GU9 8AA,SEPD
GU9 8AB,SEPD
GU9 8AD,SEPD
GU9 8AG,SEPD
GU9 8AH,SEPD
GU9 8AJ,SEPD
GU9 8AL,SEPD
GU9 8AN,SEPD
GU9 8AX,SEPD
GU9 8AY,SEPD
GU9 8BD,SEPD
GU9 8BE,SEPD
GU9 8BQ,SEPD
GU9 8DJ,SEPD
GU9 8DL,SEPD
GU9 8DN,SEPD
GU9 8DP,SEPD
GU9 8DW,SEPD
GU9 8JG,SEPD
GU9 8JH,SEPD
GU9 8JQ,SEPD
GU9 8JR,SEPD
GU9 8JS,SEPD
GU9 8JW,SEPD
GU9 8LA,SEPD
GU9 8LX,SEPD
GU9 8LY,SEPD
GU9 8LZ,SEPD
GU9 8NA,SEPD
GU9 8NB,SEPD
GU9 8ND,SEPD
GU9 8NH,SEPD
GU9 8NJ,SEPD
SN6 7RX,SEPD
RG17 0JH,SEPD
RG17 9TJ,SEPD
RG17 9TR,SEPD
RG17 9TS,SEPD
RG17 9UP,SEPD
RG17 9UR,SEPD
RG17 9US,SEPD
RG17 9UU,SEPD
RG17 9UX,SEPD
RG17 9UY,SEPD
RG17 9XL,SEPD
RG17 9XX,SEPD
SO19 7BD,SEPD
SO19 7DB,SEPD
SO19 7GD,SEPD
SO19 7GF,SEPD
SO19 7GN,SEPD
UB3 1TA,SEPD
UB3 1TG,SEPD
UB3 1TQ,SEPD
AB51 5JQ,SHEPD
DD11 4RT,SHEPD
DT11 0ES,SEPD
DT11 0ET,SEPD
DT11 0EU,SEPD
DT11 0EY,SEPD
DT11 0HH,SEPD
TW4 6BH,SEPD
TW4 6BU,SEPD
TW4 6EE,SEPD
AB55 4BZ,SHEPD
AB55 4DB,SHEPD
AB55 4DE,SHEPD
BH24 3PF,SEPD
PO16 0QE,SEPD
PO16 0QF,SEPD
PO16 0QG,SEPD
AB10 6BL,SHEPD
AB10 6BN,SHEPD
AB10 6DD,SHEPD
AB11 6XT,SHEPD
AB11 6XX,SHEPD
GU27 1FN,SEPD
GU27 1NN,SEPD
SN14 7AB,SEPD
SN14 7AF,SEPD
SN14 7AQ,SEPD
SN14 7AX,SEPD
SN14 7PY,SEPD
SN14 8RS,SEPD
SN15 5EW,SEPD
PO21 3TN,SEPD
PO21 3TP,SEPD
PO21 3TW,SEPD
PO21 3TX,SEPD
PO21 3TY,SEPD
PO21 3TZ,SEPD
BH21 4AH,SEPD
BH21 4AS,SEPD
BH21 4AT,SEPD
BH21 4AY,SEPD
BH21 4AZ,SEPD
BH21 4BD,SEPD
BH21 4BQ,SEPD
BH21 4DE,SEPD
BH21 4ER,SEPD
BH21 4JU,SEPD
PO22 9PE,SEPD
PO22 9PF,SEPD
PO22 9PG,SEPD
PO22 9PH,SEPD
PO22 9PJ,SEPD
PO22 9PL,SEPD
PO22 9PQ,SEPD
PO22 9QS,SEPD
PO22 9RG,SEPD
PO22 9TH,SEPD
OX20 1DH,SEPD
OX20 1DJ,SEPD
OX20 1DL,SEPD
OX20 1DN,SEPD
OX20 1DP,SEPD
OX20 1DR,SEPD
OX20 1DT,SEPD
OX20 1DW,SEPD
RG27 8JY,SEPD
RG27 8JZ,SEPD
RG27 8LA,SEPD
RG27 8LF,SEPD
RG27 8LJ,SEPD
RG27 8TE,SEPD
PO7 6YQ,SEPD
SN16 9SR,SEPD
GL54 4DN,SEPD
GL54 4DP,SEPD
GL54 4DR,SEPD
GL54 4DW,SEPD
RG4 7UD,SEPD
RG4 7UE,SEPD
RG4 7UF,SEPD
RG4 7UG,SEPD
RG4 9EP,SEPD
RG4 9ES,SEPD
RG4 9ET,SEPD
BH15 3EE,SEPD
PO36 0LX,SEPD
PO36 0LY,SEPD
PO36 0NA,SEPD
SN10 1SG,SEPD
SN10 5SF,SEPD
SN10 5SG,SEPD
UB3 1PJ,SEPD
UB3 1PL,SEPD
UB3 1PN,SEPD
HS6 5AA,SHEPD
HS6 5AE,SHEPD
RG18 3AX,SEPD
RG18 3BA,SEPD
RG18 3BQ,SEPD
RG18 3UG,SEPD
BH15 2AD,SEPD
BH15 2AE,SEPD
BH15 2AF,SEPD
BH15 2AG,SEPD
BH15 2AH,SEPD
BH15 2AT,SEPD
SL2 1HD,SEPD
SL2 1HF,SEPD
SL2 1HU,SEPD
SL2 3AE,SEPD
SL2 3AF,SEPD
UB3 5DF,SEPD
UB3 5DP,SEPD
UB3 5DR,SEPD
UB3 5DS,SEPD
UB3 5DW,SEPD
UB3 5DZ,SEPD
UB3 5EB,SEPD
UB3 5EH,SEPD
UB3 5ET,SEPD
HP13 7AP,SEPD
HP13 7AR,SEPD
HP13 7AS,SEPD
HP13 7AW,SEPD
BA15 1AJ,SEPD
BA15 1FW,SEPD
AB37 9BD,SHEPD
AB37 9BJ,SHEPD
AB38 7RE,SHEPD
AB38 9NT,SHEPD
AB43 7AL,SHEPD
AB52,SHEPD
AB52 6NN,SHEPD
AB52 6NP,SHEPD
AB52 6NS,SHEPD
AB52 6NT,SHEPD
AB52 6NU,SHEPD
AB52 6NX,SHEPD
AB52 6PA,SHEPD
AB52 6PD,SHEPD
AB52 6PE,SHEPD
AB52 6PF,SHEPD
AB52 6PS,SHEPD
AB53 8QR,SHEPD
AB56 4AX,SHEPD
AB56 4BA,SHEPD
BH20 7LT,SEPD
BH20 7NS,SEPD
BH20 7NT,SEPD
BH20 7NX,SEPD
DD11 4SB,SHEPD
DT11 0QP,SEPD
DT11 0RH,SEPD
DT11 0SQ,SEPD
DT11 0SZ,SEPD
EH52,SHEPD
EH52 6UX,SHEPD
EH52 6UY,SHEPD
EH52 6WB,SHEPD
EH52 6WD,SHEPD
EH52 6WE,SHEPD
FK14 7JT,SHEPD
FK14 7JU,SHEPD
FK14 7JZ,SHEPD
GU30 7JG,SEPD
GU30 7JH,SEPD
GU8,SEPD
GU8 6ND,SEPD
GU8 6NG,SEPD
GU8 6NH,SEPD
GU8 6NN,SEPD
GU8 6NQ,SEPD
HP14 3AZ,SEPD
HP14 3BB,SEPD
HP14 3BD,SEPD
HP14 3BE,SEPD
HP14 3BH,SEPD
HP14 3BJ,SEPD
HP14 3BL,SEPD
HP14 3BN,SEPD
HP14 3BP,SEPD
HP14 3BS,SEPD
HP14 3BT,SEPD
HP14 3BU,SEPD
HP14 3BW,SEPD
HP14 3BZ,SEPD
IV27 4RG,SHEPD
IV42 8QA,SHEPD
IV7 8HU,SHEPD
IV7 8JR,SHEPD
KA27 8,SHEPD
KA27 8EE,SHEPD
KA27 8EG,SHEPD
KA27 8EP,SHEPD
KA27 8ER,SHEPD
KA27 8EU,SHEPD
KA27 8EW,SHEPD
KA27 8EX,SHEPD
KA27 8HD,SHEPD
KW17 2DY,SHEPD
KY13 0QB,SHEPD
KY13 0QD,SHEPD
OX10 6QU,SEPD
OX28 4EX,SEPD
OX28 4TJ,SEPD
OX28 4TQ,SEPD
OX28 4TT,SEPD
OX28 6ER,SEPD
OX28 6EY,SEPD
OX28 6FA,SEPD
OX28 6HP,SEPD
OX28 6HS,SEPD
OX28 6HX,SEPD
OX28 6JA,SEPD
OX28 6JF,SEPD
OX28 6JH,SEPD
OX29 7TN,SEPD
PA75 6QF,SHEPD
PA75 6QN,SHEPD
PA75 6QW,SHEPD
PH16 5LH,SHEPD
PH26 3NT,SHEPD
PH26 3NU,SHEPD
PH31 4AW,SHEPD
PO20 7FH,SEPD
PO20 7LF,SEPD
PO20 7LL,SEPD
PO20 7LW,SEPD
PO20 7NE,SEPD
PO20 7NG,SEPD
PO20 7NL,SEPD
PO20 7NQ,SEPD
PO7 8NE,SEPD
PO7 8NG,SEPD
PO7 8NH,SEPD
PO7 8NJ,SEPD
PO7 8NL,SEPD
PO7 8NN,SEPD
PO7 8NW,SEPD
SL5 9JL,SEPD
SL5 9JN,SEPD
SL5 9JQ,SEPD
SL5 9PH,SEPD
SN15 4HZ,SEPD
SN15 4JE,SEPD
SN15 5BP,SEPD
SN15 5BS,SEPD
SN15 5BT,SEPD
SN15 5BU,SEPD
SN15 5BX,SEPD
SN16 9DS,SEPD
SN16 9DT,SEPD
SN16 9DU,SEPD
SN16 9DX,SEPD
SN16 9GR,SEPD
SN16 9NH,SEPD
SN16 9NP,SEPD
SO20 6DN,SEPD
SO24 9AN,SEPD
SO24 9AS,SEPD
SO24 9BD,SEPD
SO24 9BE,SEPD
SO24 9DA,SEPD
SO24 9DB,SEPD
SO24 9DD,SEPD
SO24 9DF,SEPD
SO24 9DG,SEPD
SO24 9DS,SEPD
SO24 9TA,SEPD
SO30 2HH,SEPD
SO30 3HN,SEPD
SO30 3HP,SEPD
SO30 3HQ,SEPD
SO30 3HZ,SEPD
SO31 1BJ,SEPD
SO31 7HE,SEPD
SO31 7HF,SEPD
SO45 3NL,SEPD
SO50 7DE,SEPD
AB16 5NY,SHEPD
AB42 3LE,SHEPD
AB53 4HJ,SHEPD
AB53 4LD,SHEPD
AB53 4LE,SHEPD
GU26 6SJ,SEPD
GU26 6TL,SEPD
GU26 6TP,SEPD
GU8 6NS,SEPD
PA31 8PA,SHEPD
PA31 8PB,SHEPD
PA31 8PD,SHEPD
RG7 5LB,SEPD
RG7 5LD,SEPD
RG7 5LE,SEPD
RG7 5LG,SEPD
RG7 5LQ,SEPD
RG7 5LR,SEPD
SN10 3JH,SEPD
SN10 3JJ,SEPD
SN10 3JL,SEPD
SN10 3JN,SEPD
SN10 3JP,SEPD
SN10 3JR,SEPD
SN10 3JS,SEPD
SN10 3JT,SEPD
SN10 3JU,SEPD
SN10 3JY,SEPD
SN10 3JZ,SEPD
SN10 3LA,SEPD
SN10 3LB,SEPD
SN10 3LD,SEPD
SN10 3LQ,SEPD
SP1 1QZ,SEPD
SP1 1RB,SEPD
SP1 3HP,SEPD
SP1 3YU,SEPD
KW14 8XQ,SHEPD
BH23 8EW,SEPD
BH24 3BW,SEPD
OX10 6LX,SEPD
PH16 5AE,SHEPD
PH16 5AQ,SHEPD
PH16 5AX,SHEPD
PH16 5AY,SHEPD
SN4 7RZ,SEPD
SP5 3ER,SEPD
SP5 3ES,SEPD
RG17 0NU,SEPD
RG28 7PY,SEPD
RG28 7PZ,SEPD
RG28 7QA,SEPD
RG42 6DP,SEPD
RG42 6DQ,SEPD
RG42 6HT,SEPD
RG42 6HU,SEPD
RG42 6HX,SEPD
RG42 6HY,SEPD
RG42 6JA,SEPD
RG42 6JB,SEPD
RG42 6JD,SEPD
RG42 6JF,SEPD
PA31 8SH,SHEPD
PA31 8SR,SHEPD
PA31 8SS,SHEPD
PA31 8SW,SHEPD
BA14 0RB,SEPD
BA14 0RG,SEPD
BA14 0RT,SEPD
BA14 0YE,SEPD
AB54 6HX,SHEPD
AB54 6JB,SHEPD
GU34 5ND,SEPD
GU34 5NE,SEPD
GU34 5PU,SEPD
GU34 5QA,SEPD
HS2 9JR,SHEPD
PH35 4HP,SHEPD
PH35 4HW,SHEPD
SP10 5JP,SEPD
GU9 8BB,SEPD
GU9 8DG,SEPD
GU9 8DH,SEPD
GU9 8DQ,SEPD
IV30 1JH,SHEPD
IV30 4AE,SHEPD
IV30 4ED,SHEPD
IV30 4JH,SHEPD
IV30 4JN,SHEPD
IV30 4LP,SHEPD
OX10 7PS,SEPD
OX10 7PT,SEPD
OX10 7PZ,SEPD
OX10 7QP,SEPD
IV30 8PN,SHEPD
IV30 8PW,SHEPD
BH16 5AY,SEPD
BH16 5AZ,SEPD
BH16 5BG,SEPD
BH16 5BQ,SEPD
HS8 5SS,SHEPD
HS8 5SY,SHEPD
KW14 7SA,SHEPD
PA37,SHEPD
PA37 1NW,SHEPD
PA37 1NY,SHEPD
PA37 1QX,SHEPD
PA37 1RA,SHEPD
PA37 1RD,SHEPD
PA37 1RE,SHEPD
PA37 1RP,SHEPD
PA37 1RR,SHEPD
PA37 1RT,SHEPD
PA37 1RW,SHEPD
PA37 1SJ,SHEPD
PA37 1SN,SHEPD
PA37 1SU,SHEPD
PA37 1SW,SHEPD
PA37 1SX,SHEPD
PO9 5BY,SEPD
PO9 5BZ,SEPD
RG20 8QF,SEPD
RG20 8QG,SEPD
RG20 8QH,SEPD
RG20 8QJ,SEPD
RG20 8QL,SEPD
RG20 8QQ,SEPD
RG20 8QR,SEPD
RG20 8QS,SEPD
RG20 8QU,SEPD
RG20 8QW,SEPD
RG20 8QY,SEPD
RG20 8QZ,SEPD
RG20 8RD,SEPD
RG27 9EH,SEPD
RG27 9EQ,SEPD
RG27 9QU,SEPD
SN15 2PZ,SEPD
SN15 5AP,SEPD
SN15 5DP,SEPD
SN15 5DS,SEPD
SN15 5DW,SEPD
SO24 9RF,SEPD
W13 8LP,SEPD
W13 8PJ,SEPD
ZE2 9RY,SHEPD
ZE2 9XG,SHEPD
GU15 1DS,SEPD
GU16 9QU,SEPD
GU16 9QX,SEPD
PO35 5NA,SEPD
PO35 5SE,SEPD
PO35 5SF,SEPD
PO35 5SP,SEPD
PO35 5SQ,SEPD
PO36 0DA,SEPD
SO52 9FU,SEPD
RG12 2GX,SEPD
BH22 0AJ,SEPD
BH22 0AL,SEPD
BH22 0AP,SEPD
BH22 0AR,SEPD
BH22 0DA,SEPD
BH22 0DH,SEPD
BH22 0DJ,SEPD
BH22 0DL,SEPD
BH22 0EX,SEPD
BH22 0PA,SEPD
BH22 0PP,SEPD
SL1 6LH,SEPD
SL1 6LL,SEPD
SL1 7JA,SEPD
BH3 7JF,SEPD
BH3 7JL,SEPD
BH9 2JB,SEPD
BH9 2JD,SEPD
BH9 2JF,SEPD
BH9 2JG,SEPD
HP11 1EJ,SEPD
HP11 1LH,SEPD
HP11 1LJ,SEPD
HP13 7AL,SEPD
HP13 7AN,SEPD
HP13 7HA,SEPD
HP13 7NR,SEPD
HP13 7NT,SEPD
OX20 1PP,SEPD
OX20 1PS,SEPD
OX20 1PX,SEPD
OX20 1PY,SEPD
IV6 7RA,SHEPD
IV6 7RB,SHEPD
UB8 2QX,SEPD
UB8 2QY,SEPD
UB8 2QZ,SEPD
UB8 2RD,SEPD
UB8 2RS,SEPD
UB8 2RX,SEPD
UB8 2XB,SEPD
UB8 2XE,SEPD
UB8 2XG,SEPD
UB3 1LT,SEPD
UB3 1LU,SEPD
UB3 1ND,SEPD
UB3 1NJ,SEPD
UB3 1NW,SEPD
UB3 4BN,SEPD
IV21 2BD,SHEPD
IV21 2BH,SHEPD
IV21 2BN,SHEPD
IV21 2BP,SHEPD
IV21 2BS,SHEPD
IV21 2DG,SHEPD
IV21 2DN,SHEPD
IV21 2DQ,SHEPD
IV21 2DU,SHEPD
IV22 2JZ,SHEPD
SP3 4UH,SEPD
SP3 4UJ,SEPD
SP7 8FZ,SEPD
OX14 3HG,SEPD
OX14 5BF,SEPD
OX14 5BJ,SEPD
OX14 5BL,SEPD
OX14 5EA,SEPD
OX14 5EB,SEPD
OX14 5EG,SEPD
OX14 5EW,SEPD
OX14 5EY,SEPD
OX14 5FG,SEPD
OX7 3RW,SEPD
UB1 2QD,SEPD
UB1 2QG,SEPD
UB1 2QR,SEPD
UB1 2QW,SEPD
UB1 2YE,SEPD
PO34 5AB,SEPD
PO34 5AD,SEPD
PO34 5AE,SEPD
PO34 5AG,SEPD
OX18 2BJ,SEPD
OX18 2BL,SEPD
OX18 2FD,SEPD
RG9 1BX,SEPD
RG9 1DB,SEPD
RG9 1DD,SEPD
RG9 1DJ,SEPD
AB38 7QL,SHEPD
AB38 7QN,SHEPD
AB38 7QR,SHEPD
AB38 7QX,SHEPD
AB38 7QY,SHEPD
AB38 7QZ,SHEPD
HP9 1RG,SEPD
HP9 2EP,SEPD
HP9 2ER,SEPD
OX4 6DE,SEPD
PO7 6PD,SEPD
PO7 6PJ,SEPD
PO7 6QP,SEPD
PO7 6YF,SEPD
SP10 5JL,SEPD
SP10 5JN,SEPD
SP10 5JR,SEPD
SL7 3PR,SEPD
SL7 3PS,SEPD
SL7 3PZ,SEPD
SL7 3QD,SEPD
SL7 3QE,SEPD
SL7 3QF,SEPD
SL7 3QT,SEPD
SL7 3QU,SEPD
UB10 9AE,SEPD
UB10 9AF,SEPD
UB10 9AG,SEPD
GU7 1ET,SEPD
GU7 2QH,SEPD
IV2 5XQ,SHEPD
KW1 5TP,SHEPD
SL7 3BL,SEPD
SL7 3BN,SEPD
SL7 3TB,SEPD
RG8 0SR,SEPD
AB30 1LB,SHEPD
OX15 0RT,SEPD
OX15 0UH,SEPD
RG8 0QS,SEPD
RG8 0SP,SEPD
RG8 0SS,SEPD
BH23 3QL,SEPD
BH23 3QS,SEPD
BH23 3QX,SEPD
BH23 3RF,SEPD
BH23 3RG,SEPD
DD11 3EW,SHEPD
DT11 8PP,SEPD
DT11 8PR,SEPD
DT11 8PS,SEPD
HS3 3HL,SHEPD
KA27 8ND,SHEPD
KA27 8NE,SHEPD
KA27 8NT,SHEPD
PA23 9AF,SHEPD
SN15 3NL,SEPD
SN15 3NU,SEPD
SN15 3NY,SEPD
SN15 3NZ,SEPD
SN15 3SE,SEPD
SO14 1HF,SEPD
SO14 3HB,SEPD
SO14 3HD,SEPD
DT3 4AG,SEPD
DT3 4AH,SEPD
DT3 4AJ,SEPD
DT3 4AL,SEPD
DT3 4AN,SEPD
DT3 4AP,SEPD
DT3 4AR,SEPD
DT3 4AS,SEPD
DT3 4AT,SEPD
DT3 4AU,SEPD
DT3 4AW,SEPD
DT3 4AX,SEPD
DT3 4AY,SEPD
DT3 4BD,SEPD
DT3 4BY,SEPD
DT3 4DA,SEPD
DT3 4DH,SEPD
DT3 4DJ,SEPD
DT3 4DP,SEPD
DT3 4DR,SEPD
DT3 4DS,SEPD
DT3 4DT,SEPD
DT3 4DX,SEPD
DT3 4DY,SEPD
DT3 4DZ,SEPD
DT3 4ED,SEPD
DT3 4EJ,SEPD
DT3 4EQ,SEPD
DT3 4FD,SEPD
DT3 4FE,SEPD
DT3 4FN,SEPD
DT3 4FP,SEPD
DT3 4FQ,SEPD
DT3 4FS,SEPD
DT3 4FU,SEPD
DT3 4FW,SEPD
DT3 4FZ,SEPD
DT3 4GD,SEPD
DT3 4GE,SEPD
DT3 4GG,SEPD
DT3 4GH,SEPD
DT3 4LY,SEPD
DT3 4NA,SEPD
DT3 4NJ,SEPD
DT3 4NQ,SEPD
DT3 4NR,SEPD
DT3 4NX,SEPD
DT3 4PA,SEPD
DT3 4PJ,SEPD
DT3 4PL,SEPD
RG31 6JS,SEPD
RG31 6JW,SEPD
SN8 2FQ,SEPD
SN8 2HJ,SEPD
SN8 2HQ,SEPD
SN8 2PX,SEPD
SN8 2PY,SEPD
SN8 2PZ,SEPD
SN8 2QA,SEPD
SN8 2QJ,SEPD
SN8 2QT,SEPD
SN8 2SA,SEPD
SN8 2XB,SEPD
RG1 2HG,SEPD
RG1 4PN,SEPD
RG1 4RU,SEPD
RG1 4RY,SEPD
BA22 8FT,SEPD
BA22 8GF,SEPD
BA22 8JJ,SEPD
BA22 8JR,SEPD
BA22 8JS,SEPD
BA22 8JT,SEPD
BA22 8JU,SEPD
BA22 8JX,SEPD
BA22 8JY,SEPD
BA22 8JZ,SEPD
BA22 8LA,SEPD
BA22 8LD,SEPD
BA22 8NE,SEPD
BA22 8NF,SEPD
BA22 8NG,SEPD
RG12 2NS,SEPD
RG12 2NT,SEPD
RG12 2NU,SEPD
RG12 2NX,SEPD
SO22 5DJ,SEPD
SO22 5FJ,SEPD
SO22 5JR,SEPD
SO22 5LS,SEPD
AB31 6PT,SHEPD
PH10 7JA,SHEPD
PH2 7TE,SHEPD
PH2 7TF,SHEPD
PH2 7TG,SHEPD
PH2 7TH,SHEPD
PH2 7TJ,SHEPD
PH2 7TQ,SHEPD
RG8 8NE,SEPD
RG8 8NT,SEPD
RG8 8NU,SEPD
RG8 8PG,SEPD
RG8 8PH,SEPD
SP4 6JN,SEPD
SP4 6JT,SEPD
SP4 6JU,SEPD
GU28 0HN,SEPD
GU28 0HP,SEPD
GU28 0HR,SEPD
GU28 0HW,SEPD
GU28 0JJ,SEPD
GU28 0JL,SEPD
GU29 0JW,SEPD
GU29 0PA,SEPD
GU29 0PB,SEPD
GU29 0PD,SEPD
GU29 0PE,SEPD
GU29 0PF,SEPD
GU31 5EL,SEPD
GU31 5EN,SEPD
GU31 5EP,SEPD
GU31 5ER,SEPD
GU31 5ES,SEPD
GU31 5ET,SEPD
GU31 5EU,SEPD
GU31 5EW,SEPD
GU31 5JP,SEPD
GU31 5JR,SEPD
GU31 5JS,SEPD
GU31 5JT,SEPD
GU31 5JU,SEPD
GU31 5JX,SEPD
GU32 1AB,SEPD
PO8 9DU,SEPD
PO8 9RD,SEPD
PO8 9SU,SEPD
PO8 9YB,SEPD
PO8 9YE,SEPD
SN25 4AG,SEPD
SN25 4AH,SEPD
IV27 4JB,SHEPD
IV27 4LT,SHEPD
W3 6BD,SEPD
W3 6BH,SEPD
W3 6BQ,SEPD
W3 6EG,SEPD
W3 6HT,SEPD
HP10 8JE,SEPD
HP10 8JL,SEPD
HP10 8JN,SEPD
HP10 8JW,SEPD
PA21 2EP,SHEPD
PH25 3EF,SHEPD
ZE2 9AL,SHEPD
ZE2 9AN,SHEPD
RG41 2QZ,SEPD
OX5 1SG,SEPD
OX5 1SL,SEPD
OX5 1SX,SEPD
SP3 6RT,SEPD
SP3 6RZ,SEPD
W13 9TJ,SEPD
W13 9TP,SEPD
W13 9UT,SEPD
W13 9UX,SEPD
W13 9XP,SEPD
BH19 3EB,SEPD
BH19 3EE,SEPD
BH20 5AP,SEPD
BH20 5HS,SEPD
BH20 5HU,SEPD
BH20 5HY,SEPD
SN8 3AZ,SEPD
SN8 3BH,SEPD
SN8 4NG,SEPD
SO52 9DD,SEPD
SO52 9DH,SEPD
SO52 9DJ,SEPD
SO52 9DQ,SEPD
SO52 9FT,SEPD
SO52 9FX,SEPD
SO52 9FY,SEPD
HP13 5BW,SEPD
HP13 5FE,SEPD
HP13 5FF,SEPD
HP13 5NX,SEPD
HP13 6XB,SEPD
HP13 6XD,SEPD
AB42 0QH,SHEPD
AB42 0QJ,SHEPD
AB42 0SU,SHEPD
DD9 6DJ,SHEPD
DD9 6DY,SHEPD
DD9 6HU,SHEPD
DD9 6HW,SHEPD
DD9 6RN,SHEPD
DD9 6SH,SHEPD
DD9 6SJ,SHEPD
DD9 6SL,SHEPD
DD9 6SN,SHEPD
DD9 6SR,SHEPD
DD9 6SS,SHEPD
DD9 6ST,SHEPD
DD9 6SU,SHEPD
DD9 6SW,SHEPD
DD9 6SY,SHEPD
DD9 6SZ,SHEPD
DD9 6TJ,SHEPD
DD9 6TL,SHEPD
DD9 6TN,SHEPD
DD9 6TP,SHEPD
DD9 6TR,SHEPD
DD9 6TS,SHEPD
DD9 6TT,SHEPD
DD9 6TU,SHEPD
DD9 6TW,SHEPD
DD9 6TX,SHEPD
DD9 6TY,SHEPD
DD9 6TZ,SHEPD
DD9 6UL,SHEPD
DD9 6UN,SHEPD
DD9 6UP,SHEPD
DD9 6UW,SHEPD
DD9 7AF,SHEPD
DD9 7AL,SHEPD
DD9 7AZ,SHEPD
DD9 7BD,SHEPD
DD9 7BE,SHEPD
DD9 7BG,SHEPD
DD9 7BH,SHEPD
DD9 7BJ,SHEPD
DD9 7BQ,SHEPD
DD9 7BY,SHEPD
DD9 7BZ,SHEPD
DD9 7DA,SHEPD
DD9 7DB,SHEPD
DD9 7DD,SHEPD
DD9 7DG,SHEPD
DD9 7DL,SHEPD
DD9 7DN,SHEPD
DD9 7DP,SHEPD
DD9 7EJ,SHEPD
DD9 7EL,SHEPD
DD9 7EN,SHEPD
DD9 7EP,SHEPD
DD9 7ER,SHEPD
DD9 7ES,SHEPD
DD9 7ET,SHEPD
DD9 7EU,SHEPD
DD9 7EW,SHEPD
DD9 7EX,SHEPD
DD9 7EY,SHEPD
DD9 7EZ,SHEPD
DD9 7FE,SHEPD
DD9 7HA,SHEPD
DD9 7HD,SHEPD
DD9 7HF,SHEPD
DD9 7HH,SHEPD
DD9 7HN,SHEPD
DD9 7HQ,SHEPD
DD9 7HW,SHEPD
DD9 7JB,SHEPD
DD9 7LA,SHEPD
DD9 7LZ,SHEPD
RH14 9BX,SEPD
RH14 9UD,SEPD
RH14 9UE,SEPD
RH14 9UF,SEPD
RH14 9UG,SEPD
RH14 9UH,SEPD
RH14 9UJ,SEPD
RH14 9UQ,SEPD
IV14 9AA,SHEPD
IV14 9AE,SHEPD
IV14 9AF,SHEPD
IV15 9TX,SHEPD
IV23 2PG,SHEPD
SL5 7LT,SEPD
SL5 7LX,SEPD
SL5 8QD,SEPD
SL5 8QE,SEPD
SL5 8QP,SEPD
SO18 2HG,SEPD
SO18 2HW,SEPD
SO18 2NL,SEPD
SO18 2RT,SEPD
SO18 2RZ,SEPD
SO18 2XX,SEPD
SO31 8JB,SEPD
SO50 2NL,SEPD
SO50 5AA,SEPD
SO50 5AB,SEPD
SO50 5AD,SEPD
SO50 5AE,SEPD
SO50 5AF,SEPD
SO50 5AN,SEPD
SO50 5AP,SEPD
SO50 5AQ,SEPD
SO50 5AR,SEPD
SO50 5AS,SEPD
SO50 5AU,SEPD
SO50 5AW,SEPD
SO50 5AY,SEPD
SO50 5BA,SEPD
SO50 5EL,SEPD
SO50 5FU,SEPD
SO50 5FZ,SEPD
SO50 5HL,SEPD
SO50 5HN,SEPD
SO50 5HP,SEPD
SO50 5LL,SEPD
SO50 5LW,SEPD
SO50 5LX,SEPD
SO50 5LY,SEPD
SO50 5NA,SEPD
SO50 5NB,SEPD
SO50 5ND,SEPD
SO50 5NE,SEPD
SO50 5NH,SEPD
SO50 5NJ,SEPD
SO50 5PE,SEPD
SO50 5PF,SEPD
SO50 5PG,SEPD
SO50 5PX,SEPD
SO50 5PY,SEPD
SO50 5PZ,SEPD
SO50 5QA,SEPD
SO50 5QB,SEPD
SO50 5QD,SEPD
SO50 5QE,SEPD
SO50 5QF,SEPD
SO50 5QG,SEPD
SO50 5QH,SEPD
SO50 5QJ,SEPD
SO50 5QL,SEPD
SO50 5QN,SEPD
SO50 5QP,SEPD
SO50 5QR,SEPD
SO50 5QS,SEPD
SO50 5QT,SEPD
SO50 5QU,SEPD
SO50 5QW,SEPD
SO50 5QX,SEPD
SO50 5RQ,SEPD
SO50 5TD,SEPD
SO50 5TE,SEPD
SO50 5TF,SEPD
SO50 5TH,SEPD
SO50 5TP,SEPD
SO50 5TR,SEPD
SO50 5TS,SEPD
SO50 5TT,SEPD
SO50 5ZB,SEPD
GU26 6BZ,SEPD
GU26 6GD,SEPD
PO19 6UJ,SEPD
PO19 6UY,SEPD
AB55 4BY,SHEPD
AB55 4DA,SHEPD
AB55 4DD,SHEPD
SN8 3QZ,SEPD
SN8 3RA,SEPD
W4 2BX,SEPD
W4 2BY,SEPD
W4 2BZ,SEPD
W4 2DA,SEPD
W4 2DB,SEPD
W4 2DF,SEPD
W4 2JP,SEPD
W4 2JR,SEPD
KY13 0RR,SHEPD
KY13 0RS,SHEPD
PH2 9PE,SHEPD
IV54 8YN,SHEPD
IV54 8YX,SHEPD
HS9 5UR,SHEPD
RH14 9AD,SEPD
RH14 9AG,SEPD
RH14 9AH,SEPD
RH14 9AJ,SEPD
RH14 9AL,SEPD
RH14 9AP,SEPD
RH14 9AQ,SEPD
RH14 9AR,SEPD
RH14 9AS,SEPD
RH14 9AT,SEPD
RH14 9AU,SEPD
RH14 9AZ,SEPD
RH14 9EN,SEPD
RH14 9GN,SEPD
RG31 5HB,SEPD
RG4 6ST,SEPD
RG4 6SU,SEPD
RG27 0JL,SEPD
RG27 0JY,SEPD
RG27 0LA,SEPD
RG27 0LB,SEPD
RG27 0LD,SEPD
RG27 0LE,SEPD
RG27 0LF,SEPD
RG27 0LG,SEPD
RG27 8LQ,SEPD
SL6 3AD,SEPD
SL6 3AE,SEPD
SL6 3AF,SEPD
SL6 3AZ,SEPD
SL6 3LP,SEPD
UB2 4JN,SEPD
UB2 4JP,SEPD
UB2 4JY,SEPD
SN14 8RH,SEPD
SN14 8RQ,SEPD
W4 1TD,SEPD
W4 1TF,SEPD
W4 1TG,SEPD
W4 1TQ,SEPD
PO12 2ET,SEPD
PO12 2JP,SEPD
PO12 2LA,SEPD
PO12 2LB,SEPD
PO12 2LD,SEPD
PO12 2LF,SEPD
PO12 2LS,SEPD
PO12 2LX,SEPD
HP10 9AB,SEPD
HP10 9AD,SEPD
HP12 4BB,SEPD
HP12 4BD,SEPD
HP12 4BG,SEPD
HP12 4BJ,SEPD
HP12 4BS,SEPD
HP12 4BY,SEPD
HP12 4FA,SEPD
PO9 1RA,SEPD
PO9 1RB,SEPD
PO9 1RE,SEPD
PO9 1RL,SEPD
PO9 1RN,SEPD
PO9 1RR,SEPD
BH20 4AP,SEPD
BH20 4AR,SEPD
BH20 4AS,SEPD
BH20 4AT,SEPD
BH20 4BE,SEPD
BH20 4EA,SEPD
BH20 4PB,SEPD
PH33 7AU,SHEPD
PH33 7BD,SHEPD
PH33 7BE,SHEPD
PH33 7BG,SHEPD
PH33 7BN,SHEPD
PH33 7BP,SHEPD
PH33 7BW,SHEPD
SN1 2AS,SEPD
SN1 2DP,SEPD
AB42 1DD,SHEPD
AB42 1DF,SHEPD
AB42 1DJ,SHEPD
RG8 7JQ,SEPD
RG8 7LP,SEPD
RG8 7LY,SEPD
SL4 4PZ,SEPD
SL4 4QD,SEPD
SL4 4QE,SEPD
SL4 4QF,SEPD
SL4 4RR,SEPD
OX12 7JB,SEPD
OX12 7JD,SEPD
OX12 7NE,SEPD
OX12 7NF,SEPD
OX12 7PE,SEPD
RG12 2HW,SEPD
RG12 2PP,SEPD
SL9 0PB,SEPD
SL9 0SX,SEPD
SL9 9LD,SEPD
SL4 5EX,SEPD
SL4 5HA,SEPD
SL4 5HB,SEPD
SL4 5HD,SEPD
BH23 2DU,SEPD
BH23 2HG,SEPD
BH31 6JB,SEPD
BH31 6JD,SEPD
BH31 6JR,SEPD
BH31 6JX,SEPD
BH31 6JY,SEPD
BH31 6NY,SEPD
BH31 6PA,SEPD
ZE2 9DJ,SHEPD
RG40 2AS,SEPD
RG40 2DY,SEPD
RG41 2AD,SEPD
RG41 2BH,SEPD
RG41 2EY,SEPD
RG41 2PP,SEPD
RG41 2PQ,SEPD
RG41 2PR,SEPD
RG41 2PT,SEPD
RG41 2QY,SEPD
RG41 2RF,SEPD
RG41 2RJ,SEPD
RG41 2RT,SEPD
RG41 2RU,SEPD
RG41 2RX,SEPD
RG41 2RZ,SEPD
SL1 4DX,SEPD
SL1 5ER,SEPD
SL1 5ES,SEPD
SL1 5FJ,SEPD
SL1 5PR,SEPD
SL1 5QA,SEPD
SL1 5QE,SEPD
SL1 5QF,SEPD
SL1 5QG,SEPD
SL1 5QJ,SEPD
SL1 6JA,SEPD
SL1 6LJ,SEPD
SL2 1SG,SEPD
SL2 1TL,SEPD
SL2 1TN,SEPD
SL2 1TW,SEPD
SL2 1UD,SEPD
SL2 1UE,SEPD
SL2 1UF,SEPD
SL2 1UG,SEPD
SL2 1UQ,SEPD
DT4 0PY,SEPD
DT4 0QH,SEPD
DT4 0QQ,SEPD
AB43 6TH,SHEPD
AB43 8QR,SHEPD
AB43 8QT,SHEPD
AB43 8RQ,SHEPD
GU27 2FJ,SEPD
GU27 2NQ,SEPD
GU27 2PH,SEPD
GU27 2PJ,SEPD
GU27 2PT,SEPD
GU27 3AB,SEPD
SN3 4PU,SEPD
.,SHEPD
AB10 6NP,SHEPD
AB12 3PU,SHEPD
AB12 4RR,SHEPD
AB12 4RS,SHEPD
AB12 4RT,SHEPD
AB12 5LF,SHEPD
AB12 5XT,SHEPD
AB12 5XX,SHEPD
AB12 5YA,SHEPD
AB12 5YB,SHEPD
AB12 5YP,SHEPD
AB12 5YQ,SHEPD
AB12 5YR,SHEPD
AB12 5YS,SHEPD
AB12 5YT,SHEPD
AB12 5YX,SHEPD
AB13 0AB,SHEPD
AB13 0AD,SHEPD
AB13 0AE,SHEPD
AB13 0AJ,SHEPD
AB13 0AL,SHEPD
AB13 0BF,SHEPD
AB13 0BL,SHEPD
AB13 0BN,SHEPD
AB13 0BP,SHEPD
AB13 0DH,SHEPD
AB13 0DR,SHEPD
AB13 0DT,SHEPD
AB13 0DU,SHEPD
AB13 0EB,SHEPD
AB13 0ED,SHEPD
AB13 0EE,SHEPD
AB13 0EF,SHEPD
AB13 0EG,SHEPD
AB13 0EH,SHEPD
AB13 0EJ,SHEPD
AB13 0EL,SHEPD
AB13 0EN,SHEPD
AB13 0EP,SHEPD
AB13 0ES,SHEPD
AB13 0EU,SHEPD
AB13 0EW,SHEPD
AB13 0EX,SHEPD
AB13 0EY,SHEPD
AB13 0EZ,SHEPD
AB13 0HF,SHEPD
AB13 0HP,SHEPD
AB13 0HQ,SHEPD
AB13 0HS,SHEPD
AB13 0HU,SHEPD
AB13 0HX,SHEPD
AB13 0JA,SHEPD
AB13 0JB,SHEPD
AB13 0JD,SHEPD
AB13 0JE,SHEPD
AB13 0JG,SHEPD
AB13 0JH,SHEPD
AB13 0JJ,SHEPD
AB13 0JL,SHEPD
AB13 0JT,SHEPD
AB13 0JU,SHEPD
AB13 0JW,SHEPD
AB13 0JX,SHEPD
AB13 0JY,SHEPD
AB13 0JZ,SHEPD
AB13 0NQ,SHEPD
AB14 0LH,SHEPD
AB14 0LR,SHEPD
AB14 0LX,SHEPD
AB14 0NE,SHEPD
AB14 0PT,SHEPD
AB14 0QB,SHEPD
AB14 0QD,SHEPD
AB14 0QG,SHEPD
AB14 0QJ,SHEPD
AB14 0QL,SHEPD
AB14 0QN,SHEPD
AB14 0QP,SHEPD
AB14 0QQ,SHEPD
AB14 0QR,SHEPD
AB14 0QS,SHEPD
AB14 0QT,SHEPD
AB14 0QU,SHEPD
AB14 0QX,SHEPD
AB14 0RA,SHEPD
AB14 0RB,SHEPD
AB14 0RD,SHEPD
AB14 0RJ,SHEPD
AB14 0RL,SHEPD
AB14 0RN,SHEPD
AB14 0RP,SHEPD
AB14 0RQ,SHEPD
AB14 0RR,SHEPD
AB14 0RS,SHEPD
AB14 0RT,SHEPD
AB14 0RX,SHEPD
AB14 0SA,SHEPD
AB14 0SB,SHEPD
AB14 0SD,SHEPD
AB14 0SF,SHEPD
AB14 0SG,SHEPD
AB14 0SH,SHEPD
AB14 0SJ,SHEPD
AB14 0SL,SHEPD
AB14 0SN,SHEPD
AB14 0SP,SHEPD
AB14 0SQ,SHEPD
AB14 0SR,SHEPD
AB14 0SS,SHEPD
AB14 0ST,SHEPD
AB14 0SX,SHEPD
AB14 0TB,SHEPD
AB14 0TD,SHEPD
AB14 0TX,SHEPD
AB14 0UB,SHEPD
AB14 0UL,SHEPD
AB15,SHEPD
AB15 4ST,SHEPD
AB15 7AL,SHEPD
AB15 7PL,SHEPD
AB15 8AL,SHEPD
AB15 8AS,SHEPD
AB15 8AT,SHEPD
AB15 8BB,SHEPD
AB15 8BJ,SHEPD
AB15 8FZ,SHEPD
AB15 8LD,SHEPD
AB15 8QD,SHEPD
AB15 8QJ,SHEPD
AB15 8QL,SHEPD
AB15 8QN,SHEPD
AB15 8QU,SHEPD
AB15 9AA,SHEPD
AB15 9AB,SHEPD
AB15 9AD,SHEPD
AB15 9AE,SHEPD
AB15 9AF,SHEPD
AB15 9AH,SHEPD
AB15 9AJ,SHEPD
AB15 9AL,SHEPD
AB15 9AN,SHEPD
AB15 9AP,SHEPD
AB15 9AQ,SHEPD
AB15 9AR,SHEPD
AB15 9AS,SHEPD
AB15 9AT,SHEPD
AB15 9AX,SHEPD
AB15 9AY,SHEPD
AB15 9AZ,SHEPD
AB15 9BB,SHEPD
AB15 9BD,SHEPD
AB15 9BE,SHEPD
AB15 9BG,SHEPD
AB15 9BH,SHEPD
AB15 9BJ,SHEPD
AB15 9BL,SHEPD
AB15 9BN,SHEPD
AB15 9BP,SHEPD
AB15 9BQ,SHEPD
AB15 9BS,SHEPD
AB15 9BT,SHEPD
AB15 9BU,SHEPD
AB15 9BW,SHEPD
AB15 9BX,SHEPD
AB15 9BY,SHEPD
AB15 9BZ,SHEPD
AB15 9DA,SHEPD
AB15 9DB,SHEPD
AB15 9DD,SHEPD
AB15 9DE,SHEPD
AB15 9DG,SHEPD
AB15 9DH,SHEPD
AB15 9DJ,SHEPD
AB15 9DL,SHEPD
AB15 9DN,SHEPD
AB15 9DP,SHEPD
AB15 9DQ,SHEPD
AB15 9DR,SHEPD
AB15 9DS,SHEPD
AB15 9DU,SHEPD
AB15 9DW,SHEPD
AB15 9DX,SHEPD
AB15 9DY,SHEPD
AB15 9EB,SHEPD
AB15 9ED,SHEPD
AB15 9EJ,SHEPD
AB15 9EL,SHEPD
AB15 9EN,SHEPD
AB15 9EP,SHEPD
AB15 9ER,SHEPD
AB15 9ES,SHEPD
AB15 9ET,SHEPD
AB15 9EX,SHEPD
AB15 9FA,SHEPD
AB15 9FB,SHEPD
AB15 9FD,SHEPD
AB15 9FE,SHEPD
AB15 9FG,SHEPD
AB15 9FH,SHEPD
AB15 9FJ,SHEPD
AB15 9FL,SHEPD
AB15 9FN,SHEPD
AB15 9FX,SHEPD
AB15 9GB,SHEPD
AB15 9HA,SHEPD
AB15 9HB,SHEPD
AB15 9HD,SHEPD
AB15 9HE,SHEPD
AB15 9HJ,SHEPD
AB15 9HL,SHEPD
AB15 9HN,SHEPD
AB15 9HP,SHEPD
AB15 9HQ,SHEPD
AB15 9HR,SHEPD
AB15 9HS,SHEPD
AB15 9HT,SHEPD
AB15 9HU,SHEPD
AB15 9HX,SHEPD
AB15 9JA,SHEPD
AB15 9JB,SHEPD
AB15 9JD,SHEPD
AB15 9JJ,SHEPD
AB15 9JL,SHEPD
AB15 9JN,SHEPD
AB15 9JP,SHEPD
AB15 9JQ,SHEPD
AB15 9JR,SHEPD
AB15 9JS,SHEPD
AB15 9JT,SHEPD
AB15 9JX,SHEPD
AB15 9LA,SHEPD
AB15 9LB,SHEPD
AB15 9LD,SHEPD
AB15 9LE,SHEPD
AB15 9LF,SHEPD
AB15 9LG,SHEPD
AB15 9LH,SHEPD
AB15 9LJ,SHEPD
AB15 9LL,SHEPD
AB15 9LN,SHEPD
AB15 9LP,SHEPD
AB15 9LQ,SHEPD
AB15 9LR,SHEPD
AB15 9LS,SHEPD
AB15 9LT,SHEPD
AB15 9LW,SHEPD
AB15 9LX,SHEPD
AB15 9LY,SHEPD
AB15 9LZ,SHEPD
AB15 9NA,SHEPD
AB15 9NB,SHEPD
AB15 9ND,SHEPD
AB15 9NE,SHEPD
AB15 9NF,SHEPD
AB15 9NG,SHEPD
AB15 9NH,SHEPD
AB15 9NJ,SHEPD
AB15 9NL,SHEPD
AB15 9NN,SHEPD
AB15 9NP,SHEPD
AB15 9NQ,SHEPD
AB15 9NR,SHEPD
AB15 9NS,SHEPD
AB15 9NT,SHEPD
AB15 9NU,SHEPD
AB15 9NW,SHEPD
AB15 9NX,SHEPD
AB15 9NY,SHEPD
AB15 9NZ,SHEPD
AB15 9PA,SHEPD
AB15 9PB,SHEPD
AB15 9PD,SHEPD
AB15 9PE,SHEPD
AB15 9PF,SHEPD
AB15 9PG,SHEPD
AB15 9PH,SHEPD
AB15 9PN,SHEPD
AB15 9PP,SHEPD
AB15 9PQ,SHEPD
AB15 9PR,SHEPD
AB15 9PS,SHEPD
AB15 9PT,SHEPD
AB15 9PU,SHEPD
AB15 9PW,SHEPD
AB15 9PY,SHEPD
AB15 9PZ,SHEPD
AB15 9QA,SHEPD
AB15 9QB,SHEPD
AB15 9QD,SHEPD
AB15 9QE,SHEPD
AB15 9QF,SHEPD
AB15 9QG,SHEPD
AB15 9QL,SHEPD
AB15 9QN,SHEPD
AB15 9QP,SHEPD
AB15 9QQ,SHEPD
AB15 9QR,SHEPD
AB15 9QT,SHEPD
AB15 9QU,SHEPD
AB15 9RA,SHEPD
AB15 9RB,SHEPD
AB15 9RD,SHEPD
AB15 9RE,SHEPD
AB15 9RF,SHEPD
AB15 9RG,SHEPD
AB15 9RJ,SHEPD
AB15 9RL,SHEPD
AB15 9RN,SHEPD
AB15 9RP,SHEPD
AB15 9RQ,SHEPD
AB15 9RR,SHEPD
AB15 9RS,SHEPD
AB15 9RT,SHEPD
AB15 9RU,SHEPD
AB15 9RZ,SHEPD
AB15 9SA,SHEPD
AB15 9SB,SHEPD
AB15 9SD,SHEPD
AB15 9SE,SHEPD
AB15 9SF,SHEPD
AB15 9SJ,SHEPD
AB15 9SL,SHEPD
AB15 9SN,SHEPD
AB15 9SP,SHEPD
AB15 9SQ,SHEPD
AB15 9SS,SHEPD
AB15 9ST,SHEPD
AB15 9SX,SHEPD
AB15 9SZ,SHEPD
AB15 9TA,SHEPD
AB15 9TB,SHEPD
AB15 9TD,SHEPD
AB15 9TE,SHEPD
AB15 9TF,SHEPD
AB15 9TG,SHEPD
AB15 9TH,SHEPD
AB15 9TJ,SHEPD
AB15 9TL,SHEPD
AB15 9TN,SHEPD
AB15 9TP,SHEPD
AB15 9TQ,SHEPD
AB15 9TR,SHEPD
AB15 9TW,SHEPD
AB15 9TY,SHEPD
AB15 9YA,SHEPD
AB31 5AE,SHEPD
AB31 5AG,SHEPD
AB31 5AH,SHEPD
AB31 5AJ,SHEPD
AB31 5AL,SHEPD
AB31 5AN,SHEPD
AB31 5AP,SHEPD
AB31 5AQ,SHEPD
AB31 5AT,SHEPD
AB31 5AZ,SHEPD
AB31 5EE,SHEPD
AB31 5EP,SHEPD
AB31 5ES,SHEPD
AB31 5EW,SHEPD
AB31 5EY,SHEPD
AB31 5HA,SHEPD
AB31 6BG,SHEPD
AB31 6BL,SHEPD
AB31 6BN,SHEPD
AB31 6BP,SHEPD
AB31 6BQ,SHEPD
AB31 6BR,SHEPD
AB31 6BS,SHEPD
AB31 6BT,SHEPD
AB31 6BU,SHEPD
AB33 8GA,SHEPD
AB38 7QQ,SHEPD
AB39 3QU,SHEPD
AB39 3QY,SHEPD
AB42 0AD,SHEPD
AB42 0AE,SHEPD
AB42 0AF,SHEPD
AB42 0AG,SHEPD
AB42 0AH,SHEPD
AB42 0LE,SHEPD
AB42 0QB,SHEPD
AB42 0QD,SHEPD
AB42 0QE,SHEPD
AB42 0QP,SHEPD
AB42 0SD,SHEPD
AB42 0SE,SHEPD
AB42 0SF,SHEPD
AB42 0SG,SHEPD
AB42 0SH,SHEPD
AB42 0SP,SHEPD
AB42 0SS,SHEPD
AB42 0ST,SHEPD
AB42 0SX,SHEPD
AB45 3JD,SHEPD
AB45 3JJ,SHEPD
BA11 2JX,SEPD
BA11 2LB,SEPD
BA11 2LN,SEPD
BA11 2LR,SEPD
BA11 2LS,SEPD
BA11 2LU,SEPD
BA11 2LW,SEPD
BA11 2NR,SEPD
BA11 2NS,SEPD
BA11 2NT,SEPD
BA11 2NU,SEPD
BA11 2NX,SEPD
BA11 2NY,SEPD
BA11 2NZ,SEPD
BA11 2PA,SEPD
BA12 8EJ,SEPD
BA12 8EL,SEPD
BA12 8HS,SEPD
BA12 8JA,SEPD
BA12 8JE,SEPD
BA12 8JG,SEPD
BA12 8LJ,SEPD
BA12 8PS,SEPD
BA12 8SA,SEPD
BA12 8SE,SEPD
BA12 8SF,SEPD
BA2 7PR,SEPD
BA2 7QP,SEPD
BA2 7QR,SEPD
BA2 7QS,SEPD
BA2 7QT,SEPD
BA2 7QU,SEPD
BA2 7RG,SEPD
BA2 7RH,SEPD
BA22,SEPD
BA22 7QD,SEPD
BA22 7QF,SEPD
BA22 7QG,SEPD
BA22 7QP,SEPD
BA22 7QQ,SEPD
BA22 7QR,SEPD
BA22 7QS,SEPD
BA22 7QW,SEPD
BA22 7RA,SEPD
BA22 7RG,SEPD
BA22 7RH,SEPD
BA22 7RQ,SEPD
BA22 8DX,SEPD
BA22 8GR,SEPD
BA22 8HD,SEPD
BA22 8HG,SEPD
BA22 8HH,SEPD
BA22 8HT,SEPD
BA22 8JD,SEPD
BA22 8JE,SEPD
BA22 8JF,SEPD
BA22 8JG,SEPD
BA22 8JH,SEPD
BA22 8JL,SEPD
BA22 8JN,SEPD
BA22 8JP,SEPD
BA22 8JQ,SEPD
BA22 8JW,SEPD
BA22 8LB,SEPD
BA22 8WB,SEPD
BA22 8WD,SEPD
BA22 8WE,SEPD
BA22 8WF,SEPD
BA22 8WG,SEPD
BA22 8WH,SEPD
BA22 8WJ,SEPD
BA22 8WQ,SEPD
BH13 6DH,SEPD
BH13 6DP,SEPD
BH23 7AY,SEPD
BH8 0DF,SEPD
BH8 0DL,SEPD
BH8 0EF,SEPD
BH8 9DD,SEPD
DD10 9TE,SHEPD
DD2 3AW,SHEPD
DD2 3BH,SHEPD
DD2 3BJ,SHEPD
DD2 3TS,SHEPD
DD2 3US,SHEPD
DD2 4JN,SHEPD
DD2 4JR,SHEPD
DD2 5QW,SHEPD
DD2 5RR,SHEPD
DD4 7RX,SHEPD
DD4 7SH,SHEPD
DD4 7SN,SHEPD
DD4 7SP,SHEPD
DD4 7SW,SHEPD
DD8 1HJ,SHEPD
DD8 1JL,SHEPD
DD8 1JP,SHEPD
DD8 1JS,SHEPD
DD8 1PP,SHEPD
DD9 7RL,SHEPD
DT1,SEPD
DT11 0LW,SEPD
DT11 0RB,SEPD
DT11 0RD,SEPD
DT11 0RE,SEPD
DT11 0RF,SEPD
DT11 0RG,SEPD
DT11 0RQ,SEPD
DT11 0SD,SEPD
DT2,SEPD
DT2 0NP,SEPD
DT2 7SZ,SEPD
DT2 7TG,SEPD
DT2 7TZ,SEPD
DT2 9UA,SEPD
DT8 3HX,SEPD
DT8 3HY,SEPD
DT8 3JA,SEPD
DT8 3NX,SEPD
GL54 3AR,SEPD
GL54 3JN,SEPD
GL54 3JP,SEPD
GL54 3JR,SEPD
GL54 3JS,SEPD
GL54 3JT,SEPD
GL54 3JU,SEPD
GL54 3JW,SEPD
GL54 3JX,SEPD
GL54 3JY,SEPD
GL54 3JZ,SEPD
GL54 3LA,SEPD
GL54 3LB,SEPD
GL54 3LD,SEPD
GL54 3LF,SEPD
GL54 3QB,SEPD
GL54 4AA,SEPD
GL54 4AB,SEPD
GL54 4AD,SEPD
GL54 4AE,SEPD
GL54 4AF,SEPD
GL54 4AG,SEPD
GL54 4AH,SEPD
GL54 4AJ,SEPD
GL54 4AL,SEPD
GL54 4AN,SEPD
GL54 4AP,SEPD
GL54 4AQ,SEPD
GL54 4AR,SEPD
GL54 4AS,SEPD
GL54 4AT,SEPD
GL54 4AU,SEPD
GL54 4AW,SEPD
GL54 4BT,SEPD
GL54 4NE,SEPD
GL54 4NF,SEPD
GL54 4NG,SEPD
GL54 4NH,SEPD
GL54 4NJ,SEPD
GL54 4NN,SEPD
GL54 4NQ,SEPD
GL54 4NR,SEPD
GL54 4NW,SEPD
GL54 4NY,SEPD
GL7 5BA,SEPD
GL7 5DN,SEPD
GL7 5EL,SEPD
GL7 5EN,SEPD
GL7 5EP,SEPD
GL7 5ER,SEPD
GL7 5ES,SEPD
GL7 5ET,SEPD
GL7 5EU,SEPD
GL7 5EW,SEPD
GL7 5FA,SEPD
GL7 5FE,SEPD
GL7 5LZ,SEPD
GL7 5NA,SEPD
GL7 5NB,SEPD
GL7 5NU,SEPD
GL7 5NX,SEPD
GL7 5NY,SEPD
GL7 5NZ,SEPD
GL7 5PB,SEPD
GL7 5QA,SEPD
GL7 5QD,SEPD
GL7 5QE,SEPD
GL7 7DE,SEPD
GL7 7DF,SEPD
GU26 6HD,SEPD
GU26 6HE,SEPD
GU26 6HJ,SEPD
GU26 6HS,SEPD
GU26 6TZ,SEPD
GU30 7EH,SEPD
GU30 7EJ,SEPD
GU30 7EL,SEPD
GU30 7EQ,SEPD
GU30 7JJ,SEPD
GU30 7JL,SEPD
GU30 7JN,SEPD
GU30 7JP,SEPD
GU30 7JW,SEPD
GU30 7RQ,SEPD
GU34 2NA,SEPD
GU34 2NB,SEPD
GU34 2NE,SEPD
GU34 2NF,SEPD
GU34 2NG,SEPD
GU34 2PB,SEPD
GU34 2QT,SEPD
GU34 2RN,SEPD
HP10 9AA,SEPD
HP10 9LS,SEPD
HP10 9NB,SEPD
HP10 9NE,SEPD
HP10 9NN,SEPD
HP10 9NW,SEPD
HP12 3AJ,SEPD
HP12 3AT,SEPD
HP12 3DU,SEPD
HP12 3ER,SEPD
HP12 3FA,SEPD
HP12 3FB,SEPD
HP12 3FD,SEPD
HP12 3FH,SEPD
HP13 5DS,SEPD
HP13 5DT,SEPD
HP13 5DU,SEPD
HP13 5HS,SEPD
HP13 5HT,SEPD
HP13 6EZ,SEPD
HP13 6ST,SEPD
HP13 7HU,SEPD
HP13 7XY,SEPD
HP13 7XZ,SEPD
HP13 7YB,SEPD
HS6 5AP,SHEPD
HS6 5AR,SHEPD
HS8 5JH,SHEPD
HS8 5JT,SHEPD
HS9 5UW,SHEPD
IV2,SHEPD
IV2 5HL,SHEPD
IV2 5HS,SHEPD
IV20 1RD,SHEPD
IV20 1YB,SHEPD
IV20 1YH,SHEPD
IV20 1YL,SHEPD
IV21,SHEPD
IV21 2BT,SHEPD
IV21 2BU,SHEPD
IV21 2BX,SHEPD
IV21 2BY,SHEPD
IV21 2BZ,SHEPD
IV21 2DA,SHEPD
IV21 2DB,SHEPD
IV21 2DD,SHEPD
IV21 2DE,SHEPD
IV21 2DF,SHEPD
IV21 2DH,SHEPD
IV21 2DJ,SHEPD
IV21 2DL,SHEPD
IV21 2DS,SHEPD
IV21 2DW,SHEPD
IV21 2DX,SHEPD
IV21 2DY,SHEPD
IV21 2DZ,SHEPD
IV21 2EA,SHEPD
IV22 2EN,SHEPD
IV30 8QW,SHEPD
IV30 8SD,SHEPD
IV31 6AU,SHEPD
IV31 6AX,SHEPD
IV31 6AY,SHEPD
IV31 6AZ,SHEPD
IV31 6DB,SHEPD
IV31 6QP,SHEPD
IV31 6QR,SHEPD
IV31 6QS,SHEPD
IV31 6UA,SHEPD
IV40,SHEPD
IV40 8AG,SHEPD
IV40 8DR,SHEPD
IV40 8DX,SHEPD
IV40 8DY,SHEPD
IV40 8EY,SHEPD
IV40 8HW,SHEPD
IV54,SHEPD
IV54 8AA,SHEPD
IV54 8AG,SHEPD
IV54 8UD,SHEPD
IV54 8UE,SHEPD
IV54 8UF,SHEPD
IV54 8UG,SHEPD
IV54 8UQ,SHEPD
IV54 8XA,SHEPD
IV54 8XQ,SHEPD
IV54 8XS,SHEPD
IV54 8XU,SHEPD
IV54 8XX,SHEPD
IV54 8YA,SHEPD
IV54 8YB,SHEPD
IV54 8YD,SHEPD
IV54 8YE,SHEPD
IV54 8YF,SHEPD
IV54 8YG,SHEPD
IV54 8YH,SHEPD
IV54 8YJ,SHEPD
IV54 8YL,SHEPD
IV54 8YP,SHEPD
IV54 8YQ,SHEPD
IV54 8YR,SHEPD
IV54 8YS,SHEPD
IV54 8YT,SHEPD
IV54 8YW,SHEPD
KW17 2PR,SHEPD
NN13 5SA,SEPD
OX14 4HX,SEPD
OX25 6JD,SEPD
OX25 6JE,SEPD
OX3 0AN,SEPD
OX3 0AP,SEPD
OX3 0LP,SEPD
OX3 0LR,SEPD
OX3 0LS,SEPD
OX3 9LJ,SEPD
OX3 9LW,SEPD
OX3 9NQ,SEPD
PA23 8RE,SHEPD
PA23 8RG,SHEPD
PH10 6DE,SHEPD
PH10 6DG,SHEPD
PH10 6EX,SHEPD
PH10 6EY,SHEPD
PH10 6EZ,SHEPD
PH10 6HA,SHEPD
PH10 6HB,SHEPD
PH10 6HP,SHEPD
PH33 7DG,SHEPD
PH33 7EH,SHEPD
PH33 7NR,SHEPD
PH34 4EX,SHEPD
PO12 3AQ,SEPD
PO12 3PR,SEPD
PO12 3PT,SEPD
PO12 3PU,SEPD
PO12 3PX,SEPD
PO12 3QE,SEPD
PO12 3QF,SEPD
PO12 3QN,SEPD
PO12 3UB,SEPD
PO12 3UD,SEPD
PO12 3UF,SEPD
PO12 3UH,SEPD
PO2 7HJ,SEPD
PO2 8AA,SEPD
PO2 8AU,SEPD
PO2 8BX,SEPD
PO20 7BA,SEPD
PO20 7BB,SEPD
PO20 7JG,SEPD
PO20 7JH,SEPD
PO20 7JJ,SEPD
PO20 7JL,SEPD
PO20 7JN,SEPD
PO20 7JQ,SEPD
PO22 6ET,SEPD
PO22 6EU,SEPD
PO22 6EX,SEPD
PO22 6HA,SEPD
PO22 6HB,SEPD
PO22 6HD,SEPD
PO22 6HE,SEPD
PO22 6HF,SEPD
PO22 6HG,SEPD
PO22 6HJ,SEPD
PO22 6HQ,SEPD
PO22 6LH,SEPD
PO22 6LL,SEPD
PO22 6LT,SEPD
PO22 6LU,SEPD
PO22 6LX,SEPD
PO22 6LZ,SEPD
PO22 6PD,SEPD
PO22 7SR,SEPD
PO22 7SY,SEPD
PO22 7TA,SEPD
PO22 7TB,SEPD
PO22 7TD,SEPD
PO22 7TE,SEPD
PO22 7TJ,SEPD
PO22 7TN,SEPD
PO22 7TS,SEPD
PO22 7TW,SEPD
PO22 7UF,SEPD
PO22 7UG,SEPD
PO3 5BL,SEPD
PO3 5NU,SEPD
PO3 5SD,SEPD
PO3 5SH,SEPD
PO30 3HB,SEPD
PO30 3HD,SEPD
PO30 3HE,SEPD
PO30 3HG,SEPD
PO36 9NL,SEPD
PO37 7EU,SEPD
PO37 7EX,SEPD
PO37 7HD,SEPD
PO38 1BT,SEPD
PO38 1BU,SEPD
PO38 1BX,SEPD
PO38 1TB,SEPD
PO5 3LT,SEPD
PO5 3LU,SEPD
PO5 3NA,SEPD
PO5 3NB,SEPD
PO5 3NE,SEPD
PO5 3NF,SEPD
PO5 3NG,SEPD
PO5 3NY,SEPD
PO5 3PT,SEPD
PO5 3RJ,SEPD
PO7 6YE,SEPD
PO7 6YG,SEPD
RG1 1PB,SEPD
RG10 8DJ,SEPD
RG10 8HD,SEPD
RG10 8HH,SEPD
RG10 8HJ,SEPD
RG10 8HL,SEPD
RG10 8HN,SEPD
RG10 9RY,SEPD
RG10 9TN,SEPD
RG10 9TP,SEPD
RG14 7EG,SEPD
RG14 7EN,SEPD
RG14 7EP,SEPD
RG14 7EW,SEPD
RG19 4NA,SEPD
RG31 6RX,SEPD
RG31 6RY,SEPD
RG40 2LJ,SEPD
RG45 6TJ,SEPD
RG45 6TL,SEPD
RG45 6TN,SEPD
RG45 6TP,SEPD
RG45 6TU,SEPD
RG45 6TW,SEPD
RG45 6TX,SEPD
RG45 6TY,SEPD
RG45 6TZ,SEPD
RG45 6UL,SEPD
RG45 6UP,SEPD
RG6 3XA,SEPD
RG6 3XB,SEPD
RG6 3XD,SEPD
RG6 3XE,SEPD
RG6 3XF,SEPD
RG6 3XG,SEPD
RG7 2DT,SEPD
RG8 0NE,SEPD
RG8 0ST,SEPD
RG8 0SU,SEPD
RG8 0SX,SEPD
RG8 0SY,SEPD
RG8 0TB,SEPD
RG8 0TD,SEPD
RG8 0TE,SEPD
RG8 0TJ,SEPD
RG8 0TL,SEPD
RG8 0TN,SEPD
RG8 0TP,SEPD
RG8 0TR,SEPD
RG8 0TS,SEPD
RG8 0TT,SEPD
RG8 0TU,SEPD
SL2 1SH,SEPD
SL2 1SL,SEPD
SL2 1SQ,SEPD
SL2 1ST,SEPD
SL2 1TA,SEPD
SL2 1UH,SEPD
SL2 1UN,SEPD
SL2 1UT,SEPD
SL2 1UW,SEPD
SL2 1UX,SEPD
SL4 4XH,SEPD
SL4 4XL,SEPD
SL4 4XQ,SEPD
SL6 3AN,SEPD
SL6 3AP,SEPD
SL6 3AT,SEPD
SL6 3AU,SEPD
SL6 3AW,SEPD
SL6 3AX,SEPD
SL6 9LW,SEPD
SN11 0BH,SEPD
SN11 0BJ,SEPD
SN11 0BN,SEPD
SN11 0BS,SEPD
SN11 0BT,SEPD
SN11 0BY,SEPD
SN11 0BZ,SEPD
SN11 0DA,SEPD
SN11 0DD,SEPD
SN11 0HA,SEPD
SN11 0HQ,SEPD
SN11 8JQ,SEPD
SN13 0HH,SEPD
SN13 0HL,SEPD
SN3 1EG,SEPD
SN3 1EH,SEPD
SN3 1EJ,SEPD
SN3 4PH,SEPD
SN3 4PJ,SEPD
SN3 4PN,SEPD
SN3 4PP,SEPD
SN3 4PT,SEPD
SN3 4PW,SEPD
SN3 4PZ,SEPD
SN3 4QZ,SEPD
SN4 9QP,SEPD
SN5 4JJ,SEPD
SN5 4JL,SEPD
SO16 8BG,SEPD
SO16 8HZ,SEPD
SO16 8JL,SEPD
SO18 5EG,SEPD
SO18 5EQ,SEPD
SO18 5SA,SEPD
SO18 6AP,SEPD
SO18 6BT,SEPD
SO18 6LW,SEPD
SO18 6LX,SEPD
SO18 6LY,SEPD
SO24 0BB,SEPD
SO24 0BD,SEPD
SO24 0BE,SEPD
SO24 0DJ,SEPD
SO24 0DP,SEPD
SO24 0DS,SEPD
SO24 0DU,SEPD
SO24 0DX,SEPD
SO24 0DY,SEPD
SO24 0DZ,SEPD
SO24 0EF,SEPD
SO24 0EH,SEPD
SO24 0EJ,SEPD
SO24 0EQ,SEPD
SO24 0JA,SEPD
SO30 3EB,SEPD
SO30 3EG,SEPD
SO30 3GZ,SEPD
SO30 3JQ,SEPD
SO30 3NW,SEPD
SO31 1BR,SEPD
SO40 3AA,SEPD
SO40 3AB,SEPD
SO40 3AF,SEPD
SO41 8PL,SEPD
SO41 8PN,SEPD
SO41 8PP,SEPD
SO41 8PQ,SEPD
SO41 8PR,SEPD
SO51 0HA,SEPD
SO51 0HR,SEPD
SP1 3HR,SEPD
SP1 3JG,SEPD
SP11 6RU,SEPD
W13 8RA,SEPD
W13 8RP,SEPD
W4 3RU,SEPD
W4 3UR,SEPD
